id,winner_model_a,winner_model_b,winner_tie
136060,0.2432861328125,0.266357421875,0.490478515625
211333,0.268798828125,0.333740234375,0.397216796875
1233961,0.169677734375,0.449951171875,0.380126953125
